{"cameraMode":{"drawMode":0,"name":"Shaded","section":"Shading Mode"},"sceneLighting":false,"audioPlay":false,"sceneViewState":{"m_AlwaysRefresh":false,"showFog":true,"showSkybox":false,"showFlares":true,"showImageEffects":true,"showParticleSystems":true,"showVisualEffectGraphs":true,"m_FxEnabled":true},"in2DMode":false,"pivot":{"x":12.991313934326172,"y":-0.022694414481520654,"z":-26.397239685058595},"rotation":{"x":0.3874051868915558,"y":0.008915766142308712,"z":-0.003618349088355899,"w":0.9219487309455872},"size":0.35192370414733889,"orthographic":true}