{"cameraMode":{"drawMode":0,"name":"Shaded","section":"Shading Mode"},"sceneLighting":false,"audioPlay":false,"sceneViewState":{"m_AlwaysRefresh":false,"showFog":true,"showSkybox":false,"showFlares":true,"showImageEffects":true,"showParticleSystems":true,"showVisualEffectGraphs":true,"m_FxEnabled":true},"in2DMode":false,"pivot":{"x":12.945003509521485,"y":-0.029293322935700418,"z":-26.397239685058595},"rotation":{"x":0.3874051868915558,"y":0.008915766142308712,"z":-0.003618349088355899,"w":0.9219487309455872},"size":0.3837895691394806,"orthographic":true}