{"cameraMode":{"drawMode":0,"name":"Shaded","section":"Shading Mode"},"sceneLighting":false,"audioPlay":false,"sceneViewState":{"m_AlwaysRefresh":false,"showFog":true,"showSkybox":false,"showFlares":true,"showImageEffects":true,"showParticleSystems":true,"showVisualEffectGraphs":true,"m_FxEnabled":true},"in2DMode":false,"pivot":{"x":59.8546257019043,"y":0.8908779621124268,"z":72.99813079833985},"rotation":{"x":0.1522839516401291,"y":-0.03912689536809921,"z":0.006035636644810438,"w":0.9875507950782776},"size":1.2247449159622193,"orthographic":true}