{"cameraMode":{"drawMode":0,"name":"Shaded","section":"Shading Mode"},"sceneLighting":false,"audioPlay":false,"sceneViewState":{"m_AlwaysRefresh":false,"showFog":true,"showSkybox":false,"showFlares":true,"showImageEffects":true,"showParticleSystems":true,"showVisualEffectGraphs":true,"m_FxEnabled":true},"in2DMode":false,"pivot":{"x":43.90755081176758,"y":0.8782954216003418,"z":69.39346313476563},"rotation":{"x":0.5437948703765869,"y":0.25458595156669619,"z":-0.17755867540836335,"w":0.7797157764434815},"size":1.7311793565750123,"orthographic":true}