{"cameraMode":{"drawMode":0,"name":"Shaded","section":"Shading Mode"},"sceneLighting":true,"audioPlay":false,"sceneViewState":{"m_AlwaysRefresh":false,"showFog":true,"showSkybox":true,"showFlares":true,"showImageEffects":true,"showParticleSystems":true,"showVisualEffectGraphs":true,"m_FxEnabled":true},"in2DMode":false,"pivot":{"x":59.67694091796875,"y":-0.11800003051757813,"z":228.33726501464845},"rotation":{"x":0.4718441367149353,"y":-0.00951770506799221,"z":0.005103703588247299,"w":0.8816461563110352},"size":7.593902587890625,"orthographic":true}