{"cameraMode":{"drawMode":0,"name":"Shaded","section":"Shading Mode"},"sceneLighting":true,"audioPlay":false,"sceneViewState":{"m_AlwaysRefresh":false,"showFog":true,"showSkybox":true,"showFlares":true,"showImageEffects":true,"showParticleSystems":true,"showVisualEffectGraphs":true,"m_FxEnabled":true},"in2DMode":false,"pivot":{"x":62.23894500732422,"y":0.07000002264976502,"z":231.58126831054688},"rotation":{"x":0.5972940325737,"y":0.011548127979040146,"z":-0.008601722307503224,"w":0.8018960356712341},"size":5.794296741485596,"orthographic":true}