{"cameraMode":{"drawMode":0,"name":"Shaded","section":"Shading Mode"},"sceneLighting":true,"audioPlay":false,"sceneViewState":{"m_AlwaysRefresh":false,"showFog":true,"showSkybox":true,"showFlares":true,"showImageEffects":true,"showParticleSystems":true,"showVisualEffectGraphs":true,"m_FxEnabled":true},"in2DMode":false,"pivot":{"x":51.584625244140628,"y":0.8908780217170715,"z":72.99813079833985},"rotation":{"x":0.0007147393189370632,"y":0.9546219110488892,"z":-0.2978113293647766,"w":0.00229106517508626},"size":12.663824081420899,"orthographic":true}