{"cameraMode":{"drawMode":0,"name":"Shaded","section":"Shading Mode"},"sceneLighting":true,"audioPlay":false,"sceneViewState":{"m_AlwaysRefresh":false,"showFog":true,"showSkybox":true,"showFlares":true,"showImageEffects":true,"showParticleSystems":true,"showVisualEffectGraphs":true,"m_FxEnabled":true},"in2DMode":false,"pivot":{"x":43.90755081176758,"y":0.8782954216003418,"z":69.39346313476563},"rotation":{"x":0.23482957482337953,"y":0.18984603881835938,"z":-0.04681934043765068,"w":0.9521757364273071},"size":3.501084804534912,"orthographic":true}