{"cameraMode":{"drawMode":0,"name":"Shaded","section":"Shading Mode"},"sceneLighting":true,"audioPlay":false,"sceneViewState":{"m_AlwaysRefresh":false,"showFog":true,"showSkybox":true,"showFlares":true,"showImageEffects":true,"showParticleSystems":true,"showVisualEffectGraphs":true,"m_FxEnabled":true},"in2DMode":false,"pivot":{"x":38.53128433227539,"y":-0.33429160714149477,"z":74.4627914428711},"rotation":{"x":0.015852339565753938,"y":-0.9829118847846985,"z":0.15217392146587373,"w":0.10239237546920777},"size":2.935563087463379,"orthographic":false}