{"cameraMode":{"drawMode":0,"name":"Shaded","section":"Shading Mode"},"sceneLighting":true,"audioPlay":false,"sceneViewState":{"m_AlwaysRefresh":false,"showFog":true,"showSkybox":true,"showFlares":true,"showImageEffects":true,"showParticleSystems":true,"showVisualEffectGraphs":true,"m_FxEnabled":true},"in2DMode":false,"pivot":{"x":316.7256774902344,"y":213.74159240722657,"z":32.707977294921878},"rotation":{"x":0.11960850656032562,"y":0.290958046913147,"z":-0.03658372163772583,"w":0.9485936164855957},"size":312.40557861328127,"orthographic":true}