{"cameraMode":{"drawMode":0,"name":"Shaded","section":"Shading Mode"},"sceneLighting":true,"audioPlay":false,"sceneViewState":{"m_AlwaysRefresh":false,"showFog":true,"showSkybox":true,"showFlares":true,"showImageEffects":true,"showParticleSystems":true,"showVisualEffectGraphs":true,"m_FxEnabled":true},"in2DMode":false,"pivot":{"x":45.137874603271487,"y":0.0771300196647644,"z":82.29219055175781},"rotation":{"x":0.43010422587394717,"y":0.003254252951592207,"z":-0.0015405701706185938,"w":0.9028027057647705},"size":5.167956352233887,"orthographic":true}