{"cameraMode":{"drawMode":0,"name":"Shaded","section":"Shading Mode"},"sceneLighting":true,"audioPlay":false,"sceneViewState":{"m_AlwaysRefresh":false,"showFog":true,"showSkybox":true,"showFlares":true,"showImageEffects":true,"showParticleSystems":true,"showVisualEffectGraphs":true,"m_FxEnabled":true},"in2DMode":false,"pivot":{"x":47.03974151611328,"y":0.32479995489120486,"z":66.50607299804688},"rotation":{"x":0.0007147393189370632,"y":0.9546219110488892,"z":-0.2978113293647766,"w":0.00229106517508626},"size":1.7132341861724854,"orthographic":true}