{"cameraMode":{"drawMode":0,"name":"Shaded","section":"Shading Mode"},"sceneLighting":true,"audioPlay":false,"sceneViewState":{"m_AlwaysRefresh":false,"showFog":true,"showSkybox":true,"showFlares":true,"showImageEffects":true,"showParticleSystems":true,"showVisualEffectGraphs":true,"m_FxEnabled":true},"in2DMode":false,"pivot":{"x":58.842437744140628,"y":4.5672173500061039,"z":60.279205322265628},"rotation":{"x":0.33671465516090395,"y":0.4092525243759155,"z":-0.16554713249206544,"w":0.8317771553993225},"size":10.789613723754883,"orthographic":true}