{"cameraMode":{"drawMode":0,"name":"Shaded","section":"Shading Mode"},"sceneLighting":true,"audioPlay":false,"sceneViewState":{"m_AlwaysRefresh":false,"showFog":true,"showSkybox":true,"showFlares":true,"showImageEffects":true,"showParticleSystems":true,"showVisualEffectGraphs":true,"m_FxEnabled":true},"in2DMode":false,"pivot":{"x":60.58591079711914,"y":0.13482162356376649,"z":228.1184539794922},"rotation":{"x":0.7045646905899048,"y":0.0025531903374940159,"z":-0.002538441913202405,"w":0.7096558213233948},"size":5.488899230957031,"orthographic":true}