{"cameraMode":{"drawMode":0,"name":"Shaded","section":"Shading Mode"},"sceneLighting":true,"audioPlay":false,"sceneViewState":{"m_AlwaysRefresh":false,"showFog":true,"showSkybox":true,"showFlares":true,"showImageEffects":true,"showParticleSystems":true,"showVisualEffectGraphs":true,"m_FxEnabled":true},"in2DMode":false,"pivot":{"x":50.098480224609378,"y":-5.897362232208252,"z":67.81476593017578},"rotation":{"x":0.5437948703765869,"y":0.25458595156669619,"z":-0.17755867540836335,"w":0.7797157764434815},"size":25.046436309814454,"orthographic":true}