{"cameraMode":{"drawMode":0,"name":"Shaded","section":"Shading Mode"},"sceneLighting":false,"audioPlay":false,"sceneViewState":{"m_AlwaysRefresh":false,"showFog":true,"showSkybox":false,"showFlares":true,"showImageEffects":true,"showParticleSystems":true,"showVisualEffectGraphs":true,"m_FxEnabled":true},"in2DMode":false,"pivot":{"x":12.069999694824219,"y":0.03500001132488251,"z":-23.320999145507814},"rotation":{"x":0.6765864491462708,"y":0.01854880526661873,"z":-0.017054853960871698,"w":0.7359462976455689},"size":0.9757637977600098,"orthographic":true}