{"cameraMode":{"drawMode":0,"name":"Shaded","section":"Shading Mode"},"sceneLighting":false,"audioPlay":false,"sceneViewState":{"m_AlwaysRefresh":false,"showFog":true,"showSkybox":false,"showFlares":true,"showImageEffects":true,"showParticleSystems":true,"showVisualEffectGraphs":true,"m_FxEnabled":true},"in2DMode":false,"pivot":{"x":69.55461120605469,"y":13.559174537658692,"z":38.76416015625},"rotation":{"x":-0.0008768118568696082,"y":0.9698897004127502,"z":-0.24352529644966126,"w":-0.0034915460273623468},"size":0.6810526251792908,"orthographic":false}